time,open,high,low,close,ECONOMICS:USINTR: close,EMA
1254700800,0.00095865,0.00120045,0.00076392,0.0009704175000000001,NaN,NaN
1255305600,0.0009645337500000001,0.00124491,0.0009645337500000001,0.0011686175,NaN,NaN
1255910400,0.001066575625,0.00128808,0.001066575625,0.0012586925,NaN,NaN
1256515200,0.0011626340625,0.00128455,0.0011626340625,0.0012472475,NaN,NaN
1257120000,0.0012049407812499999,0.00130618,0.0012049407812499999,0.0012697350000000001,NaN,NaN
1257724800,0.001237337890625,0.00135534,0.00123576,0.001271835,NaN,NaN
1258329600,0.0012545864453125,0.0012545864453125,0.00105922,0.00112417,NaN,NaN
1258934400,0.00118937822265625,0.00118937822265625,0.00082926,0.00091482,NaN,NaN
1259539200,0.001052099111328125,0.001052099111328125,0.00073284,0.00077834,NaN,NaN
1260144000,0.0009152195556640625,0.0009152195556640625,0.00061788,0.00066805,NaN,NaN
1260748800,0.0007916347778320313,0.0007916347778320313,0.00061337,0.0006213950000000001,NaN,NaN
1261353600,0.0007065148889160157,0.0007065148889160157,0.0006271,0.00063025,NaN,NaN
1261958400,0.0006683824444580079,0.00071822,0.0006334,0.00067581,NaN,NaN
1262563200,0.0006720962222290039,0.00071822,0.0006720962222290039,0.00071822,NaN,NaN
1263168000,0.0006951581111145019,0.00283078,0.0006951581111145019,0.0017668100000000002,NaN,NaN
1263772800,0.0012309840555572511,0.00325203,0.0012309840555572511,0.0030464575,NaN,NaN
1264377600,0.0021387207777786256,0.0033661,0.0021387207777786256,0.00327593,NaN,NaN
1264982400,0.0027073253888893127,0.00373511,0.0027073253888893127,0.0035159249999999996,NaN,NaN
1265587200,0.0031116251944446564,0.00405351,0.0031116251944446564,0.003924145,NaN,NaN
1266192000,0.0035178850972223284,0.00466157,0.0035178850972223284,0.004404440000000001,NaN,NaN
1266796800,0.003961162548611164,0.00529801,0.003961162548611164,0.005002055,NaN,0.0018215886904761904
1267401600,0.004481608774305582,0.00547226,0.004481608774305582,0.005434605,NaN,0.0021500447186147188
1271635200,0.004958106887152791,0.004958106887152791,0.003,0.003,NaN,0.002227313380558835
1272240000,0.003979053443576396,0.003979053443576396,0.003,0.003,NaN,0.00229755761868985
1272844800,0.003489526721788198,0.0043,0.003,0.00345,NaN,0.002402325107899864
1273449600,0.003469763360894099,0.0044,0.003469763360894099,0.00405,NaN,0.0025521137344544217
1274054400,0.0037598816804470495,0.0049,0.0037598816804470495,0.0046,NaN,0.0027382852131403834
1274659200,0.0041799408402235245,0.0048,0.0041799408402235245,0.00465,NaN,0.0029120774664912574
1275868800,0.004414970420111762,0.005,0.004414970420111762,0.004775000000000001,NaN,0.003081434060446598
1276473600,0.004594985210055882,0.005,0.004594985210055882,0.005,NaN,0.0032558491458605436
1277078400,0.004797492605027941,0.0054,0.0044,0.0048000000000000004,NaN,0.003396226496236858
1277683200,0.004798746302513971,0.0068,0.0044,0.00575,NaN,0.003610205905669871
1278288000,0.005274373151256985,0.0084,0.005274373151256985,0.0066,NaN,0.003882005368790792
1278892800,0.0059371865756284925,0.0925,0.0059371865756284925,0.050085,NaN,0.008082277607991628
1279497600,0.028011093287814245,0.09307,0.028011093287814245,0.07124,NaN,0.013823888734537843
1280102400,0.04962554664390712,0.0699,0.04962554664390712,0.057749999999999996,NaN,0.017817171576852586
1280707200,0.053687773321953555,0.065,0.053687773321953555,0.06135,NaN,0.021774701433502353
1281312000,0.05751888666097678,0.07541,0.05751888666097678,0.0652275,NaN,0.0257249558486385
1281916800,0.061373193330488386,0.0769,0.0612,0.0668225,NaN,0.029461096226035002
1282521600,0.06409784666524419,0.06689,0.063,0.0649725,NaN,0.03268940566003182
1283126400,0.0645351733326221,0.069,0.03211,0.0568275,NaN,0.0348837778727562
1283731200,0.06068133666631105,0.065,0.06014,0.062335,NaN,0.037379343520687454
1284336000,0.061508168333155526,0.175,0.05761,0.0893275,NaN,0.04210190320062496
1284940800,0.07541783416657777,0.07541783416657777,0.06147,0.0622425,NaN,0.043932866546022686
1285545600,0.06883016708328889,0.06883016708328889,0.061,0.0617175,NaN,0.04554965140547517
1286150400,0.06527383354164444,0.1301,0.01,0.0744475,NaN,0.04817672855043197
1286755200,0.06986066677082223,0.119,0.065,0.09425,NaN,0.052365207773119975
1287360000,0.08205533338541111,0.19,0.08205533338541111,0.12550250000000002,NaN,0.05901405252101816
1287964800,0.10377891669270556,0.199,0.09009,0.14292,NaN,0.06664186592819832
1288569600,0.12334945834635277,0.5,0.12334945834635277,0.289375,NaN,0.08689033266199847
1289174400,0.20636222917317637,0.37,0.14,0.283735,NaN,0.10478530241999862
1289779200,0.2450486145865882,0.29,0.2116,0.2643475,NaN,0.11929095674545329
1290384000,0.2546980572932941,0.289,0.2546980572932941,0.2761975,NaN,0.13355518795041207
1290988800,0.26544777864664704,0.279,0.19,0.2345,NaN,0.14273198904582915
1291593600,0.2499738893233235,0.2499738893233235,0.1701,0.2157,NaN,0.1493654445871174
1292198400,0.23283694466166177,0.255,0.21,0.22877499999999998,NaN,0.15658449507919764
1292803200,0.2308059723308309,0.275,0.2308059723308309,0.255025,NaN,0.16553363189017967
1293408000,0.24291548616541545,0.301,0.24291548616541545,0.2757425,NaN,0.17555261990016333
1294012800,0.25932899308270774,0.323,0.25932899308270774,0.30624999999999997,NaN,0.18743419990923937
1294617600,0.2827894965413539,0.45,0.2827894965413539,0.36929999999999996,NaN,0.2039674544629449
1295222400,0.3260447482706769,0.4443,0.305,0.3946225,NaN,0.2212997313299499
1295827200,0.3603336241353384,0.48,0.3603336241353384,0.44582499999999997,NaN,0.24171111939086354
1296432000,0.4030793120676692,0.95,0.4030793120676692,0.6993275,NaN,0.2833126085371487
1297036800,0.5512034060338347,1.1,0.5512034060338347,0.96242,NaN,0.34504964412468064
1297641600,0.7568117030169174,1.085,0.7568117030169174,0.9387725,NaN,0.3990244492042551
1298246400,0.8477921015084586,1,0.8313,0.8881500000000001,NaN,0.44349040836750464
1298851200,0.8679710507542293,0.97,0.81,0.8924975,NaN,0.4843092348795497
1299456000,0.8802342753771146,0.9329,0.846,0.8853475,NaN,0.5207672589814089
1300060800,0.8827908876885573,0.9,0.70999,0.8108899999999999,NaN,0.5471420536194626
1300665600,0.8468404438442786,0.905,0.7405,0.8072375,NaN,0.5707870941995115
1301270400,0.8270389719221394,0.85,0.76,0.8022499999999999,NaN,0.5918291765450104
1301875200,0.8146444859610696,0.8146444859610696,0.5619,0.7187,NaN,0.6033628877681914
1302480000,0.7666722429805348,1.14,0.7103,0.92503,NaN,0.6326053525165376
1303084800,0.8458511214902674,1.95,0.8458511214902674,1.45757,NaN,0.7076021386513979
1303689600,1.1517105607451337,4.14996,1.1517105607451337,2.58379,NaN,0.8781646715012708
1304294400,1.867750280372567,3.937,1.867750280372567,3.482675,NaN,1.1149383377284279
1304899200,2.6752126401862837,8.9,2.6752126401862837,5.8617775000000005,NaN,1.5464691706622071
1305504000,4.268495070093142,8.5,4.268495070093142,6.9393,NaN,2.0367265187838246
1306108800,5.6038975350465705,9.33,5.6038975350465705,7.7849975,NaN,2.5592966079852952
1306713600,6.694447517523285,18.998,6.694447517523285,13.061575000000001,NaN,3.514049189077541
1307318400,9.878011258761642,31.9099,9.878011258761642,19.351574999999997,NaN,4.953824262797765
1307923200,14.61479312938082,24.5,13,18.389475,NaN,6.175247057088877
1309132800,16.50213406469041,18,15,16.222625,NaN,7.088645051898979
1309737600,16.362379532345205,16.5,11,14.460175,NaN,7.758784138089981
1310342400,15.411277266172602,15.411277266172602,13.021,14.070225,NaN,8.33255148917271
1310947200,14.740751133086302,14.740751133086302,12.51,13.5875025,NaN,8.810274308338828
1311552000,14.16412681654315,14.8999,12.82922,13.7647825,NaN,9.260684143944388
1312156800,13.964454658271576,13.964454658271576,5.742,10.1356,NaN,9.340221949040354
1312761600,12.050027329135787,12.1,7.055,9.462675,NaN,9.35135404458214
1313366400,10.756351164567894,11.89,10.661,11.1635875,NaN,9.516102540529218
1313971200,10.959969332283947,11.501,7.642,9.88109,NaN,9.549283218662925
1314576000,10.420529666141974,10.420529666141974,7.85,8.592115,NaN,9.462267926057205
1315180800,9.506322333070987,9.506322333070987,4.18,6.590932500000001,NaN,9.201237432779278
1315785600,8.048627416535494,8.048627416535494,4.44,5.54053,NaN,8.868445847981162
1316390400,6.794578708267747,6.795,4.9,5.556775,NaN,8.567384861801056
1316995200,6.175676854133874,6.175676854133874,4.625,5.0955,NaN,8.251758965273687
1317600000,5.635588427066937,5.635588427066937,3.7819,4.4879225,NaN,7.90959201388517
1318204800,5.061755463533468,5.061755463533468,3.4,3.8767525000000003,NaN,7.5429702398956096
1318809600,4.469253981766734,4.469253981766734,2.0401,3.1268024999999997,NaN,7.141500445359645
1319414400,3.798028240883367,3.82717,2.44034,3.1661275,NaN,6.780102904872405
1320019200,3.4820778704416835,3.4820778704416835,2.85,3.1086475,NaN,6.446334231702187
1320624000,3.2953626852208417,3.2953626852208417,2.80011,2.9915249999999998,NaN,6.132260665183806
1321228800,3.143443842610421,3.143443842610421,1.994,2.5463649999999998,NaN,5.806270150167097
1321833600,2.8449044213052104,2.8449044213052104,2.17,2.3524775,NaN,5.4922890001519065
1322438400,2.598690960652605,3.14,2.44,2.722,NaN,5.240444545592642
1323043200,2.6603454803263027,3.38,2.6603454803263027,3.059965,NaN,5.042219132356948
1323648000,2.8601552401631514,3.2901,2.8601552401631514,3.18178,NaN,4.87308830214268
1324252800,3.0209676200815756,4.5,3.0209676200815756,3.7768325,NaN,4.773428683766072
1324857600,3.3989000600407877,5.4999,3.3989000600407877,4.70064,NaN,4.76681153069643
1325462400,4.049770030020394,7.22,4.049770030020394,6.06176,NaN,4.884534118814936
1326067200,5.055765015010197,7.191,5.055765015010197,6.7715974999999995,NaN,5.056085335286306
1326672000,5.9136812575050985,7.18888,4.64,6.2850874999999995,NaN,5.167812804805733
1327276800,6.099384378752549,6.39397,5.05,5.7836175,NaN,5.223795049823393
1327881600,5.941500939376274,6.2,5.36694,5.6589374999999995,NaN,5.263353454384903
1328486400,5.800219219688136,6,5.3,5.61842,NaN,5.295632231259003
1329091200,5.709319609844068,5.72,3.878,4.8748425,NaN,5.257378619326366
1329696000,5.2920810549220345,5.2920810549220345,4.212,4.6732,NaN,5.204271472114878
1330300800,4.982640527461017,5,4.51,4.8130025,NaN,5.1687015655589805
1330905600,4.897821513730508,5.07,4.753,4.8882575,NaN,5.143206650508164
1331510400,4.893039506865254,5.45,4.8561,5.123609999999999,NaN,5.141425136825603
1332115200,5.0083247534326265,5.3099,4.3,4.8538025000000005,NaN,5.115277624386912
1332720000,4.9310636267163135,4.95,4.49,4.7042525,NaN,5.077911703988102
1333324800,4.817658063358157,5.08,4.62,4.8186475,NaN,5.054342230898275
1333929600,4.818152781679078,5.03,4.73001,4.8797075,NaN,5.038466346271159
1334534400,4.848930140839539,5.48,4.848930140839539,5.140600000000001,NaN,5.047751223882872
1335139200,4.994765070419771,5.21799,4.84634,5.043200000000001,NaN,5.047337476257156
1335744000,5.018982535209886,5.184,4.87003,5.004435,NaN,5.043437251142869
1336348800,5.011708767604943,5.125,4.801,4.97649,NaN,5.0373511374026085
1336953600,4.994099383802471,5.15,4.9,5.0227275,NaN,5.036021715820553
1337558400,5.008413441901236,5.165,5.008413441901236,5.1133675,NaN,5.0430531507459575
1338163200,5.060890470950618,5.279,5.015,5.157275,NaN,5.053436955223598
1338768000,5.109082735475309,5.66,5.109082735475309,5.3820725,NaN,5.0833129138396345
1339372800,5.245577617737654,6.599,5.245577617737654,5.915877500000001,NaN,5.159000603490576
1339977600,5.580727558868827,6.8,5.580727558868827,6.3450050000000005,NaN,5.266819184991433
1340582400,5.962866279434413,6.694,5.962866279434413,6.472619999999999,NaN,5.376437440901302
1341187200,6.217743139717206,6.87,6.217743139717206,6.66727,NaN,5.493785855364821
1341792000,6.442506569858603,7.9,6.442506569858603,7.263770000000001,NaN,5.65469350487711
1342396800,6.853138284929302,9.7,6.853138284929302,8.263467499999999,NaN,5.891854777161009
1343001600,7.558302892464651,9.2,7.558302892464651,8.5230925,NaN,6.131058206510008
1343606400,8.040697696232325,11.3,8.040697696232325,9.8950625,NaN,6.473240415009098
1344211200,8.967880098116161,12,8.967880098116161,11.2823125,NaN,6.910428786371907
1344816000,10.12509629905808,15.4,7.58,10.650975,NaN,7.250478442156279
1345420800,10.38803564952904,10.62611,7.81011,9.2615525,NaN,7.433303356505708
1346025600,9.82479407476452,12.14999,9.66,10.6510225,NaN,7.725823278641553
1346630400,10.237908287382261,11.29,10.08889,10.6522225,NaN,7.991859571492321
1347235200,10.44506539369113,11.99,10.44506539369113,11.415,NaN,8.30305415590211
1347840000,10.930032696845565,12.68666,10.930032696845565,12.0950925,NaN,8.647784914456464
1348444800,11.512562598422782,12.49,11.512562598422782,12.2480125,NaN,8.975078331324058
1349049600,11.880287549211392,13.0899,11.7,12.2349775,NaN,9.271432801203689
1349654400,12.057632524605696,12.35,10.621,11.6522275,NaN,9.487868682912445
1350259200,11.854930012302848,11.99,11.43,11.65682,NaN,9.68504607537495
1350864000,11.755875006151424,12,9.74,11.017765,NaN,9.806202341249955
1351468800,11.386820003075712,11.386820003075712,10.3209,10.774997500000001,NaN,9.89427462840905
1352073600,11.080908751537857,11.21603,10.61,10.873709999999999,NaN,9.983314207644591
1352678400,10.977309375768929,11.832,10.76666,11.2725475,NaN,10.100517234222355
1353283200,11.124928437884464,12.6,11.124928437884464,12.0799375,NaN,10.280464531111232
1353888000,11.602432968942232,12.68778,11.602432968942232,12.3899825,NaN,10.472238891919302
1354492800,11.996207734471117,13.59,11.996207734471117,12.950505,NaN,10.69753581083573
1355097600,12.473356367235558,13.90119,12.473356367235558,13.397302499999999,NaN,10.942969146214299
1355702400,12.935329433617778,13.72,12.74919,13.2703025,NaN,11.154544905649363
1356307200,13.102815966808889,13.67,13.102815966808889,13.4079525,NaN,11.359400141499421
1356912000,13.255384233404445,13.561,13.16123,13.391824999999999,NaN,11.544166037726747
1357516800,13.323604616702223,14.34999,13.323604616702223,13.845984999999999,NaN,11.753422307024316
1358121600,13.584794808351111,15.985,13.584794808351111,14.966694999999998,NaN,12.045538006385742
1358726400,14.275744904175554,19.18999,14.275744904175554,17.0235825,NaN,12.49808750580522
1359331200,15.649663702087777,21.43,15.649663702087777,19.3970525,NaN,13.12526614164111
1359936000,17.52335810104389,24.11,17.52335810104389,22.13369,NaN,13.944213765128282
1360540800,19.828524050521946,27.5969,19.828524050521946,25.0255625,NaN,14.951609104662074
1361145600,22.42704327526097,31.3,22.42704327526097,28.613165,NaN,16.193568731510975
1361750400,25.520104137630483,34.9,25.520104137630483,32.2099975,NaN,17.649607710464522
1362355200,28.86505081881524,49.099,28.86505081881524,40.72474749999999,NaN,19.747347691331385
1362960000,34.79489915940762,48.469,34.79489915940762,44.62975,NaN,22.009384264846712
1363564800,39.71232457970381,74.9,39.71232457970381,60.230022500000004,NaN,25.483987740769738
1364169600,49.971173539851904,95.7,49.971173539851904,82.4369475,NaN,30.661529537063398
1364774400,66.20406051992595,164.9,66.20406051992595,128.17177999999998,NaN,39.52609776096672
1365379200,97.18792025996297,266,54.25,143.522245,NaN,48.9802929645152
1365984000,120.35508262998148,136.4321,50.01,98.91052499999999,NaN,53.51940496774109
1366588800,109.63280381499074,166.43438,109.63280381499074,134.469705,NaN,60.8785231524919
1367193600,122.05125440749538,149.08,79,119.61500000000001,NaN,66.21820286590173
1367798400,120.8331272037477,124.9,97.52,113.294305,NaN,70.49784851445612
1368403200,117.06371610187384,125.5555,103.01847,116.47349249999999,NaN,74.67745251314193
1369008000,116.76860430093691,136,116.76860430093691,128.025,NaN,79.52722955740175
1369612800,122.39680215046846,135.47,115,126.6175,NaN,83.8081632340016
1370217600,124.50715107523423,124.50715107523423,88,108.7317625,NaN,86.073944985456
1370822400,116.61945678761711,116.61945678761711,95,102.0375,NaN,87.52517725950545
1371427200,109.32847839380855,115.005,98.9,105.50125,NaN,89.15936569045951
1372032000,107.41486419690428,109.98,92.25,101.835005,NaN,90.31169653678137
1372636800,104.62493459845214,104.62493459845214,65.42448,84.40336500000001,NaN,89.77457548798306
1373241600,94.51414979922608,104.17188,72.46,86.887935,NaN,89.51215362543914
1373846400,90.70104239961304,101.94,86.2,93.6194975,NaN,89.88554852312649
1374451200,92.16026994980652,100.5771,89.8,95.28428,NaN,90.37634229375135
1375056000,93.72227497490326,111.65202,93.72227497490326,103.5005275,NaN,91.56945003977395
1375660800,98.61140123745163,107.77,98.61140123745163,104.7124225,NaN,92.76426571797633
1376265600,101.66191186872581,115,101.66191186872581,109.22,NaN,94.26024156179666
1376870400,105.4409559343629,125,105.4409559343629,118.069255,NaN,96.42469732890605
1377475200,111.75510546718145,148.7,111.75510546718145,134.184285,NaN,99.85738711718732
1378080000,122.96969523359073,148.90893,121.25,135.62099750000002,NaN,103.10862442471574
1378684800,129.29534636679537,145.9,124,133.628805,NaN,105.88318629519613
1379289600,131.4620756833977,142.23,131,136.4075025,NaN,108.65812413199647
1379894400,133.93478909169886,145.81,132,139.148505,NaN,111.42997693817861
1380499200,136.54164704584943,145.81,109.7,134.301005,NaN,113.50916130743511
1381104000,135.42132602292472,147.65,135.12,141.827505,NaN,116.08355618857738
1381708800,138.62441551146236,195.83267,138.62441551146236,168.4206775,NaN,120.84147630779762
1382313600,153.52254650573119,233.4,153.52254650573119,200.45502749999997,NaN,128.0790718707251
1382918400,176.9887870028656,226.959,176.9887870028656,214.7222525,NaN,135.95572465520465
1383523200,195.85551975143278,395,195.85551975143278,294.50775250000004,NaN,150.36954536836785
1384128000,245.1816361257164,536.777,245.1816361257164,431.88427750000005,NaN,175.9617937439708
1384732800,338.53295681285823,900.97998,338.53295681285823,669.317495,NaN,220.81231203997345
1385337600,503.9252259064291,1242,503.9252259064291,950.096025,NaN,287.11083139997584
1385942400,727.0106254532145,1240,576,906.2500024999999,NaN,343.3962105908871
1386547200,816.6303139766072,1067.99999,787.75,896.6824975,NaN,393.694963946261
1387152000,856.6564057383036,925,455,731.25,NaN,424.3817854056918
1387756800,793.9532028691518,793.9532028691518,617.61,684.7275,NaN,448.049577641538
1388361600,739.340351434576,939.8,710.02,821.55,NaN,482.0041614923073
1388966400,780.445175717288,995,765,874.2375,NaN,517.6617377202793
1389571200,827.341337858644,850.25,765.03,819.605,NaN,545.1111252002539
1390176000,823.473168929322,844.99,767.23,815.1800000000001,NaN,569.66284109114
1390780800,819.326584464661,829,726.5,795.55,NaN,590.1980373555817
1391385600,807.4382922323305,829,620,738.7625,NaN,603.7038975959834
1391990400,773.1003961161653,773.1003961161653,450.13,622.495,NaN,605.4121796327122
1392595200,697.7976980580827,697.7976980580827,530,606.5,NaN,605.5110723933748
1393200000,652.1488490290413,652.1488490290413,400,545.3429525,NaN,600.0412433121589
1393804800,598.7459007645207,719.25,563,621.6875,NaN,602.0090848292353
1394409600,610.2167003822603,654,606,632.88,NaN,604.8155316629412
1395014400,621.5483501911301,632.5,550.09,593.1475,NaN,603.7548015117648
1395619200,607.3479250955651,607.3479250955651,436.2,512.0845750000001,NaN,595.4211445561498
1396224000,559.7162500477825,559.7162500477825,415.46,462.185,NaN,583.308767778318
1396828800,510.95062502389123,510.95062502389123,340,419.375,NaN,568.4056979802891
1397433600,465.1628125119456,547,406.4,467.987525,NaN,559.2767731638992
1398038400,466.5751687559728,515.646,427.55,468.635275,NaN,551.036636967181
1398643200,467.6052218779864,467.6052218779864,423.11,437.917825,NaN,540.7531086065283
1399248000,452.7615234389932,459.65,419.4,438.90199975,NaN,531.4939168922984
1399852800,445.8317615944966,453,431.8,442.4125,NaN,523.3956062657259
1400457600,444.1221307972483,586,444.1,512.9224999999999,NaN,522.4435056961144
1401062400,478.5223153986241,680,478.5223153986241,607.9925,NaN,530.2206869964676
1401667200,543.257407699312,685,543.257407699312,647.6675,NaN,540.8976699967887
1402272000,595.462453849656,672,522.15,611.685,NaN,547.3328818152625
1402876800,603.573726924828,619.6,582.1,599.6775,NaN,552.0914834684204
1403481600,601.625613462414,607.21,560.53,593.27,NaN,555.8349849712913
1404086400,597.447806731207,665,597.447806731207,625.57,NaN,562.174531792083
1404691200,611.5089033656036,642.79,608.43,629.6175000000001,NaN,568.3057107200755
1405296000,620.5632016828018,633.6,611.21,624.6025,NaN,573.423600654614
1405900800,622.5828508414008,624.95,589,607.375,NaN,576.5100915041945
1406505600,614.9789254207004,614.9789254207004,561.47,586.1,NaN,577.3819013674496
1407110400,600.5394627103502,600.5394627103502,574.01,587.125,NaN,578.2676376067724
1407715200,593.832231355175,593.832231355175,451,531.2675,NaN,573.9948978243385
1408320000,562.5498656775876,562.5498656775876,443,496.57,NaN,566.9562707493986
1408924800,529.5599328387938,529.5599328387938,471.65,495.9175,NaN,560.4982006812714
1409529600,512.738716419397,512.738716419397,468.82,480.94499999999994,NaN,553.2660915284285
1410134400,496.84185820969844,496.84185820969844,463,477.3425,NaN,546.3639468440259
1410739200,487.0921791048492,487.0921791048492,381.5,434.5325,NaN,536.1974516763872
1411344000,460.81233955242465,460.81233955242465,365,397.21,NaN,523.5622287967157
1411948800,429.01116977621234,429.01116977621234,275,342.38250000000005,NaN,507.0913443606506
1412553600,385.6968348881062,387.13,301,346.52,NaN,492.4939494187733
1413158400,366.1084174440531,414.42,366.1084174440531,387.1825,NaN,482.9201812897939
1413763200,376.64545872202655,394,337.65,368.185,NaN,472.489710263449
1414368000,372.4152293610133,372.4152293610133,315.54,337.97499999999997,NaN,460.2611002394991
1414972800,355.19511468050666,364.12,321,342.88250000000005,NaN,449.5903183995446
1415577600,349.03880734025336,475,349.03880734025336,396.395,NaN,444.75438036322237
1416182400,372.71690367012667,413.48,340,378.3825,NaN,438.7205730574749
1416787200,375.54970183506333,396.87,355.51,375.0675,NaN,432.9339300522499
1417392000,375.30860091753163,387.99,366.1,377.44500000000005,NaN,427.8894818656817
1417996800,376.37680045876584,378.34,335.7,360.995,NaN,421.8081653324379
1418601600,368.6859002293829,368.6859002293829,302.32,332.85249999999996,NaN,413.72128666585263
1419206400,350.76920011469144,350.76920011469144,310,321.48,NaN,405.3357151507751
1419811200,336.12460005734573,336.12460005734573,255.03,289.77,NaN,394.8297410461592
1420416000,312.9473000286729,312.9473000286729,263.75,274.59749999999997,NaN,383.8995373146902
1421020800,293.7724000143364,293.7724000143364,166.45,229.865,NaN,369.89639755880927
1421625600,261.8187000071682,261.8187000071682,203.7,232.2,NaN,357.37854323528114
1422230400,247.0093500035841,315,211.02,251.915,NaN,347.79094839571013
1422835200,249.46217500179205,249.46217500179205,210.12,227.3125,NaN,336.8383621779183
1423440000,238.38733750089602,268.54,214,235.63750000000002,NaN,327.6382837981076
1424044800,237.01241875044803,248.98,228.62,237.36,NaN,319.4311670891887
1424649600,237.18620937522402,266.91,232.61,249.605,NaN,313.08333371744425
1425254400,243.395604687612,294,243.395604687612,272.76,NaN,309.4175761067675
1425859200,258.077802343806,303.96,258.077802343806,285.36249999999995,NaN,307.2307510061523
1426464000,271.720151171903,295.2,246.98,274.4275,NaN,304.24863727832025
1427068800,273.0738255859515,273.0738255859515,235.7,254.635,NaN,299.73830661665477
1427673600,263.8544127929757,263.8544127929757,236.24,250.2225,NaN,295.2368696515043
1428278400,257.03845639648785,262.45,230.75,247.5825,NaN,290.9046542286403
1428883200,252.3104781982439,252.3104781982439,216.37,228.10999999999999,NaN,285.1960492987639
1429488000,240.21023909912196,240.21023909912196,213.92,223.72249999999997,NaN,279.6075448170581
1430092800,231.96636954956097,243.73,218.24,230.5675,NaN,275.1493589245983
1430697600,231.26693477478048,249.22,226.42,239.265,NaN,271.8871444769075
1431302400,235.26596738739022,245.49,232.1,238.635,NaN,268.8642222517341
1431907200,236.9504836936951,242.98,229,237.2975,NaN,265.9945202288492
1432512000,237.12399184684756,241.12,227,234.435,NaN,263.1254729353174
1433116800,235.77949592342378,235.77949592342378,219.71,225.56,NaN,259.7104299411977
1433721600,230.6697479617119,235.44,223.25,228.88,NaN,256.907663582907
1434326400,229.77487398085594,259.1,229.77487398085594,242.55,NaN,255.60242143900635
1434931200,236.16243699042798,252.06,236.16243699042798,246.005,NaN,254.72992858091487
1435536000,241.083718495214,275.88,241.083718495214,261.28000000000003,NaN,255.32538961901352
1436140800,251.181859247607,316.23,251.181859247607,290.45,NaN,258.51853601728504
1436745600,270.8159296238035,312,270.8159296238035,292.545,NaN,261.61185092480457
1437350400,281.68046481190174,294.57,273.5,284.03,NaN,263.64986447709504
1437955200,282.85523240595086,298.93,276.26,287.6575,NaN,265.83237679735913
1438560000,285.2563662029754,287.05,260.62,273.9225,NaN,266.56784254305376
1439164800,279.5894331014877,279.5894331014877,256.5,263.96000000000004,NaN,266.3307659482307
1439769600,271.77471655074385,271.77471655074385,162,228.2,NaN,262.8643326802097
1440374400,249.98735827537192,249.98735827537192,196.6,223.3975,NaN,259.27643880019065
1440979200,236.69242913768596,248.48,225.31,236.1875,NaN,257.1774443638097
1441584000,236.43996456884298,247.68,228.95,237.1475,NaN,255.35654033073607
1442188800,236.79373228442148,236.79373228442148,227.33,231.705,NaN,253.20640030066915
1442793600,234.24936614221076,237.7,224.25,231.8575,NaN,251.2655911824265
1443398400,233.05343307110536,241.5,233.05343307110536,236.935,NaN,249.96281016584228
1444003200,234.99421653555268,249.01,234.99421653555268,243.1775,NaN,249.34596378712936
1444608000,239.08585826777636,275.19,239.08585826777636,258.03,NaN,250.13542162466305
1445212800,248.55792913388817,295.99,248.55792913388817,277.105,NaN,252.5872014769664
1445817600,262.8314645669441,336,262.8314645669441,308.295,NaN,257.6515467972422
1446422400,285.5632322834721,504,285.5632322834721,383.7825,NaN,269.117997088402
1447027200,334.67286614173605,388.99,300.28,346.0775,NaN,276.1143155349109
1447632000,340.37518307086805,342.5,309.46,324.355,NaN,280.4998323044644
1448236800,332.36509153543403,376,315.55,347.525,NaN,286.5930293676949
1448841600,339.94504576771703,407.57,339.94504576771703,379.53499999999997,NaN,295.0422994251772
1449446400,359.7400228838585,475.04,359.7400228838585,420.9525,NaN,306.4886812956156
1450051200,390.34626144192924,469.99,390.34626144192924,443.20500000000004,NaN,318.91743754146876
1450656000,416.7756307209646,460.05,405.5,432.6225,NaN,329.2542614013352
1451260800,424.69906536048234,436.49,412.5,424.79999999999995,NaN,337.94023763757747
1451865600,424.74953268024115,465,424.74953268024115,442.00249999999994,NaN,347.4004433068886
1452470400,433.37601634012054,452.49,352.5,409.0875,NaN,353.00835755171687
1453075200,421.2317581700603,428,371.25,396.0325,NaN,356.91964322883354
1453680000,408.63212908503016,408.63212908503016,360.03,382.77,NaN,359.26967566257593
1454284800,395.70106454251504,395.70106454251504,363.23,373.6775,NaN,360.579477875069
1454889600,384.6892822712575,408.66,369.01,389.5575,NaN,363.21384352279
1455494400,387.12339113562876,451.6,387.12339113562876,423.90500000000003,NaN,368.73122138435457
1456099200,405.5141955678144,442.67,405.5141955678144,431.82500000000005,NaN,374.46701944032236
1456704000,418.6695977839072,445,389,418.0525,NaN,378.4293358548385
1457308800,418.3610488919536,423.6,401.51,410.1875,NaN,381.3164416862168
1457913600,414.2742744459768,420.6,403.01,411.71500000000003,NaN,384.07994698746984
1458518400,412.99463722298844,431,406,418.7925,NaN,387.2356336249726
1459123200,415.89356861149423,427.99,406.51,420.61,NaN,390.26966693179327
1459728000,418.25178430574715,425,412,419.8275,NaN,392.95674266526663
1460332800,419.03964215287357,435.67,418.8,426.075,NaN,395.9674933320606
1460937600,422.5573210764368,464.99,422.5573210764368,445.76,NaN,400.4940848473278
1461542400,434.1586605382184,471.99,434.1586605382184,455.35749999999996,NaN,405.4816680430253
1462147200,444.7580802691092,466,436,453.24749999999995,NaN,409.82401640275026
1462752000,449.0027901345546,465.4,445.01,457.04499999999996,NaN,414.1168330934093
1463356800,453.0238950672773,458.95,433,446.845,NaN,417.09212099400844
1463961600,449.93444753363866,570,436.51,493.72749999999996,NaN,424.05897363091674
1464566400,471.8309737668193,593.89,471.8309737668193,553.97,NaN,435.86906693719703
1465171200,512.9004868834097,685,512.9004868834097,623.0775,NaN,452.88801539745185
1465776000,567.9889934417049,789.78,567.9889934417049,721.3924999999999,NaN,477.2975139976835
1466380800,644.6907467208524,767.77,555.56,682.514375,NaN,495.95359227062136
1466985600,663.6025608604261,704.3075,624.1025,655.0011875,NaN,510.41246456420123
1467590400,659.3018741802131,682.665,609.87225,650.6380625,NaN,523.1602461947284
1468195200,654.9699683401066,684.435,644.43375,665.0634375,NaN,536.0605363133894
1468800000,660.0167029200533,683.965,645.30375,667.9456875000001,NaN,548.0500955121722
1469404800,663.9811952100267,663.9811952100267,619.6275,642.2771875000001,NaN,556.6161947837929
1470009600,653.1291913550134,653.1291913550134,470.91,579.384125,NaN,558.68600662163
1470614400,616.2566581775068,616.2566581775068,562.2075,582.465,NaN,560.8477332923909
1471219200,599.3608290887535,599.3608290887535,559.56475,573.7224375,NaN,562.0181609476281
1471824000,586.5416332943767,588.46575,566.51025,577.3491875,NaN,563.4118906342073
1472428800,581.9454103971883,613.675,568.329,591.3534999999999,NaN,565.9520369401885
1473033600,586.6494551985941,630.665,586.6494551985941,610.1304375,NaN,569.9682551728986
1473638400,598.389946349297,612.56375,598.389946349297,608.4847500000001,NaN,573.4697547026351
1474243200,603.4373481746486,611.7125,592.1705,603.59375,NaN,576.2082997296683
1474848000,603.5155490873243,616.19225,598.71,606.4658750000001,NaN,578.9589883906075
1475452800,604.9907120436621,619.613,604.9907120436621,613.3488125,NaN,582.0853360369159
1476057600,609.1697622718311,642.86125,609.1697622718311,628.3578125,NaN,586.2919248062872
1476662400,618.7637873859155,661.335,618.7637873859155,644.664875,NaN,591.5985566420793
1477267200,631.7143311929578,721.9625,631.7143311929578,678.999,NaN,599.5440514927993
1477872000,655.3566655964789,747,655.3566655964789,707.8233749999999,NaN,609.3876263570903
1478476800,681.5900202982394,743.2425,681.5900202982394,710.8029375000001,NaN,618.6072000973548
1479081600,696.1964788991197,756.495,696.1964788991197,721.1154375,NaN,627.9261307703226
1479686400,708.6559581995598,750.7635,708.6559581995598,733.365875,NaN,637.5115620639297
1480291200,721.0109165997799,779.274,721.0109165997799,750.1613125,NaN,647.7524484672088
1480896000,735.58611454989,776.41375,735.58611454989,764.624,NaN,658.3771349701898
1481500800,750.105057274945,792.245,750.105057274945,780.6879375000001,NaN,669.4962988365362
1482105600,765.3964973874726,921.225,765.3964973874726,848.6075,NaN,685.779135305942
1482710400,807.0019986937363,1004.635,807.0019986937363,946.7125625,NaN,709.5003559599472
1483315200,876.8572805968681,1158.945,809.835,970.4935,NaN,733.2270054181339
1483920000,923.6753902984341,923.6753902984341,748.49525,853.3719375000001,NaN,744.1492719710308
1484524800,888.5236638992171,941.0775,822.19875,879.190375,NaN,756.4257358827552
1485129600,883.8570194496085,928.8725,881.5165,912.8048749999999,NaN,770.6420212570503
1485734400,898.3309472248043,1044.20525,898.3309472248043,971.6879375,NaN,788.918922733682
1486339200,935.0094423624021,1078.3975,931.739,1007.1045625,NaN,808.7539808942564
1486944000,971.057002431201,1070.4535,971.057002431201,1028.5085625000002,NaN,828.7316701311422
1487548800,999.7827824656006,1217.57325,999.7827824656006,1124.6594999999998,NaN,855.6342001192202
1488153600,1062.2211412328002,1293.585,1062.2211412328002,1226.5308125,NaN,889.3520739720183
1488758400,1144.3759768664,1336.4955,969.965,1202.2275625000002,NaN,917.7953002018348
1489363200,1173.3017696832,1263.815,934.00025,1110.9879375,NaN,935.3582672289408
1489968000,1142.1448535916002,1142.1448535916002,888.84775,996.2395,NaN,940.8929247535825
1490572800,1069.1921767958002,1112.77625,955.56325,1033.7160625000001,NaN,949.3313918214386
1491177600,1051.4541196479001,1218.84,1051.4541196479001,1157.5751249999998,NaN,968.2626402922169
1491782400,1104.5146223239499,1232.5605,1101.26425,1179.4085625,NaN,987.4577241292881
1492387200,1141.9615924119748,1255.5,1141.9615924119748,1211.695875,NaN,1007.8430105720801
1492992000,1176.8287337059874,1366.5875,1176.8287337059874,1303.445875,NaN,1034.7159982473454
1493596800,1240.1373043529936,1639.1525,1240.1373043529936,1478.6840625000002,NaN,1075.0767313612232
1494201600,1359.410683426497,1887.904,1359.410683426497,1702.562625,NaN,1132.1209035102029
1494806400,1530.9866542132486,2088.01675,1530.9866542132486,1897.5789375,NaN,1201.7079975092754
1495411200,1714.2827958566243,2766.83425,1714.2827958566243,2215.0879375,NaN,1293.8334465993412
1496016000,1964.6853666783122,2590.45075,1964.6853666783122,2354.7805,NaN,1390.283178726674
1496620800,2159.7329333391563,2964.112,2159.7329333391563,2741.6490625,NaN,1513.1346227060671
1497225600,2450.690997919578,2975.7475,2076.18475,2630.9798125,NaN,1614.7569126873339
1497830400,2540.8354052097893,2778.4875,2424.8675,2553.6951875,NaN,1700.1149376703036
1498435200,2547.2652963548944,2598.565,2264.655,2467.6823125,NaN,1769.8937899275486
1499040000,2507.4738044274472,2638.635,2466.22025,2528.7276875,NaN,1838.8786897068624
1499644800,2518.1007459637235,2523.43875,1799.3,2183.984,NaN,1870.2518997335112
1500249600,2351.0423729818617,2944.9775,1905.6255,2379.1826250000004,NaN,1916.518329303192
1500854400,2365.1124989909313,2830.9035,2365.1124989909313,2687.001625,NaN,1986.5622652756292
1501459200,2526.0570619954656,3339.1875,2526.0570619954656,2987.8531875,NaN,2077.588712750572
1502064000,2756.955124747733,4199.2975,2756.955124747733,3667.734,NaN,2222.147375227793
1502668800,3212.344562373866,4475.5,3212.344562373866,4102.16025,NaN,2393.0576365707207
1503273600,3657.252406186933,4462.2225,3600.8675,4115.318812500001,NaN,2549.6268343824736
1503878400,3886.2856093434666,4977.475,3886.2856093434666,4531.690375,NaN,2729.814428984067
1504483200,4208.987992171733,4683.76,4086.6375,4410.746875000001,NaN,2882.62646953097
1505088000,4309.867433585867,4381.0175,2974.3825,3828.0231249999997,NaN,2968.5716200281545
1505692800,4068.9452792929333,4125.9075,3514.9325,3753.466875,NaN,3039.925734116504
1506297600,3911.2060771464667,4391.0525,3665.845,4027.879375,NaN,3129.739701469549
1506902400,3969.542726073233,4612.025,3969.542726073233,4435.795,NaN,3248.4720013359533
1507507200,4202.668863036617,5859.43,4202.668863036617,5174.443749999999,NaN,3423.5603421235937
1508112000,4688.556306518309,6181.9725,4688.556306518309,5739.865,NaN,3634.1334928396304
1508716800,5214.210653259154,6280.1925,5214.210653259154,5944.28,NaN,3844.1468116723913
1509321600,5579.245326629577,7596.1975,5579.245326629577,6785.975625000001,NaN,4111.585794702174
1509926400,6182.6104758147885,7881.0075,5495.165,6657.823125,NaN,4343.06191563834
1510531200,6420.216800407394,8071.2425,5824,6945.13125,NaN,4579.613673307582
1511136000,6682.674025203697,9456.4,6682.674025203697,8638.87875,NaN,4948.637771188711
1511740800,7660.776387601849,11834.5025,7660.776387601849,10364.770625,NaN,5441.013485171556
1512345600,9012.773506300924,17330.155,9012.773506300924,13633.7575,NaN,6185.808395610506
1512950400,11323.265503150462,19804.2475,11323.265503150462,17239.390625,NaN,7190.679507373187
1513555200,14281.328064075231,19302.2525,10843.9825,15833.628125,NaN,7976.402108975624
1514160000,15057.478094537615,16506.43,12290.96,14183.29125,NaN,8540.664758159659
1514764800,14620.384672268807,17222.6125,12900.97,15039.032500000001,NaN,9131.425461963327
1515369600,14829.708586134404,16238.775,12814.5025,14716.878125000001,NaN,9639.193885875751
1515974400,14773.293355567203,14773.293355567203,9144.25,12172.171875,NaN,9869.464612159774
1516579200,13472.732615283601,13472.732615283601,9953.385,11251.62125,NaN,9995.115215599795
1517184000,12362.1769326418,12362.1769326418,7593.5625,9768.630625,NaN,9974.52570736345
1517788800,11065.403778820899,11065.403778820899,5893.765,7802.076875000001,NaN,9777.030358966773
1518393600,9433.74032691045,11294.475,8067.6425,9460.851875,NaN,9748.28686042434
1518998400,9447.296100955225,11773.775,9296.2125,10268.585,NaN,9795.586691294853
1519603200,9857.940550477611,11509.25,9391.51,10492.745625,NaN,9858.96477617714
1520208000,10175.343087738805,11662.5375,8376.5,10262.630000000001,NaN,9895.66161470649
1520812800,10218.986543869403,10218.986543869403,7314.8425,8733.520625000001,NaN,9790.012433824082
1521417600,9476.253584434702,9476.253584434702,8101.545,8482.775624999998,NaN,9671.172723930984
1522022400,8979.514604717351,8979.514604717351,6442.2625,7551.72875,NaN,9478.495999028168
1522627200,8265.621677358675,8265.621677358675,6511.6675,6965.615000000001,NaN,9250.05227184379
1523232000,7615.618338679338,8411.2475,6612.285,7601.854375,NaN,9100.216099403446
1523836800,7608.736356839669,9043.8175,7608.736356839669,8503.937499999998,NaN,9046.008954003133
1524441600,8056.336928419833,9757.9425,8056.336928419833,9144.596875,NaN,9054.971492275576
1525046400,8600.466901709917,9949.775,8600.466901709917,9444.164999999999,NaN,9090.352720250523
1525651200,9022.315950854958,9624.7525,8219.11,9035.543125,NaN,9085.370029773203
1526256000,9028.929537927479,9028.929537927479,7927.11,8507.407500000001,NaN,9032.827981612003
1526860800,8768.16851896374,8768.16851896374,7215.575,7916.85875,NaN,8931.37623328364
1527465600,8342.51363448187,8342.51363448187,7047.96,7471.0981249999995,NaN,8798.623677985126
1528070400,7906.805879740934,7906.805879740934,6632.975,7218.2925000000005,NaN,8654.957207259205
1528675200,7562.549189870468,7562.549189870468,6125.01,6563.908125,NaN,8464.861836144732
1529280000,7063.228657435234,7063.228657435234,5743.85,6295.483125,NaN,8267.64558967703
1529884800,6679.355891217617,6679.355891217617,5784.4,6200.77125,NaN,8079.747922433663
1530489600,6440.063570608809,6837.65,6270.845,6539.590625000001,NaN,7939.733622666967
1531094400,6489.827097804405,6807.3775,6073.8275,6482.37875,NaN,7807.246816060879
1531699200,6486.102923902203,7682.6725,6331.6,6940.571875,NaN,7728.458185055344
1532304000,6713.337399451101,8489.015,6713.337399451101,7869.56625,NaN,7741.286190959404
1532908800,7291.451824725551,8279.9475,6884.995,7602.46,NaN,7728.665628144912
1533513600,7446.955912362775,7446.955912362775,5995.65,6626.193125000001,NaN,7628.440855131738
1534118400,7036.574518681387,7036.574518681387,5889,6330.403125,NaN,7510.437425119762
1534723200,6683.488821840694,6903.49,6226.955,6580.56875,NaN,7425.903909199784
1535328000,6632.028785920347,7331.395,6632.028785920347,6994.048125,NaN,7386.644292454349
1535932800,6813.038455460173,7407.38,6174.7175,6791.173124999999,NaN,7332.510549958499
1536537600,6802.105790230086,6802.105790230086,6224.24,6386.15875,NaN,7246.47856814409
1537142400,6594.132270115043,6736.59,6176.1775,6506.291875000001,NaN,7179.1888687673545
1537747200,6550.212072557522,6708.9725,6339.925,6559.654375,NaN,7122.867551152141
1538352000,6554.933223778761,6602.4075,6397.16,6530.743750000001,NaN,7069.038114683764
1538956800,6542.838486889381,6670.28,6051.4775,6369.088125,NaN,7005.406297439786
1539561600,6455.963305944691,6788.75,6150.965,6383.75375,NaN,6948.892429490715
1540166400,6419.858527972345,6468.92,6355.14,6410.69875,NaN,6899.965731355195
1540771200,6415.278638986172,6465.9925,6201.48,6373.786875,NaN,6852.131289868359
1541376000,6394.532756993086,6544.225,6272.6775,6400.26125,NaN,6811.052195334872
1541980800,6397.397003496542,6397.397003496542,5198.475,5875.330625,NaN,6725.986598031702
1542585600,6136.3638142482705,6136.3638142482705,3465.1275,4629.4025,NaN,6535.388043665183
1543190400,5382.883157124135,5382.883157124135,3516.245,3992.74625,NaN,6304.238789695622
1543795200,4687.814703562068,4687.814703562068,3209.9275,3740.5225,NaN,6071.173672450565
1544400000,4214.168601781033,4214.168601781033,3124.5125,3360.0299999999997,NaN,5824.70606586415
1545004800,3787.0993008905166,4175.0175,3183.1525,3623.92625,NaN,5624.635173512864
1545609600,3705.5127754452583,4238.61,3566.69,3895.569375,NaN,5467.447373648058
1546214400,3800.541075222629,4085.235,3624.6325,3895.513125,NaN,5324.544260134598
1546819200,3848.027100111314,4113.205,3454.2175,3780.64125,NaN,5184.189441031453
1547424000,3814.3341750556574,3814.3341750556574,3473.4275,3583.880625,NaN,5038.706821392229
1548028800,3699.1074000278286,3699.1074000278286,3422.5425,3537.959375,NaN,4902.275235356572
1548633600,3618.533387513914,3618.533387513914,3331.09,3453.578125,NaN,4770.575498051429
1549238400,3536.055756256957,3709.55,3334.485,3526.9993750000003,NaN,4657.523123228572
1549843200,3531.5275656284784,3672.3025,3531.5275656284784,3620.2681249999996,NaN,4563.227214298702
1550448000,3575.897845314239,4189.02,3575.897845314239,3790.9075000000003,NaN,4493.016331180638
1551052800,3683.4026726571196,3901.195,3654.1475,3769.1687500000003,NaN,4427.212005618762
1551657600,3726.28571132856,3948.115,3672.0725,3826.7845301125,NaN,4372.627689663647
1552262400,3776.53512072053,4039.2475,3776.53512072053,3921.231875,NaN,4331.591706512407
1552867200,3848.883497860265,4058.8625,3848.883497860265,3975.1324999999997,NaN,4299.186324102188
1553472000,3912.007998930132,4130.43,3855.625,4012.791875,NaN,4273.150465092898
1554076800,3962.399936965066,5348.0025,3962.399936965066,4672.08,NaN,4309.41678644809
1554681600,4317.239968482533,5472.3,4317.239968482533,5184.48875,NaN,4388.968783134627
1555286400,4750.864359241266,5360.6425,4750.864359241266,5191.410625,NaN,4461.918041486025
1555891200,4971.137492120633,5641.495,4821.9125,5229.2056250000005,NaN,4531.671458169113
1556496000,5100.171558560317,5842.5525,5070.6625,5445.663125,NaN,4614.761609699193
1557100800,5272.9173417801585,7583.4125,5272.9173417801585,6460.208125,NaN,4782.52947472654
1557705600,5866.562733390079,8382.2375,5866.562733390079,7515.282499999999,NaN,5030.961567933218
1558310400,6690.922616695039,8792.645,6690.922616695039,8298.824375,NaN,5328.040004939289
1558915200,7494.87349584752,9093.925,7494.87349584752,8640.275,NaN,5629.152277217536
1559520000,8067.57424792376,8745.0475,7431.4175,8137.9975,NaN,5857.229115652305
1560124800,8102.7858739618805,9389.2075,7522.6825,8380.391875,NaN,6086.607548320278
1560729600,8241.58887448094,11254.715,8241.58887448094,9997.13125,NaN,6442.109703018435
1561334400,9119.36006224047,13870.6275,9119.36006224047,11437.973125,NaN,6896.279105016759
1561939200,10278.666593620235,12060.64,9646.02,10984.668125,NaN,7267.950834106145
1562544000,10631.667359310119,13196.8325,10136.125,11277.765625,NaN,7632.479451460132
1563148800,10954.71649215506,11141.285,9073.385,10276.369375,NaN,7872.833080872847
1563753600,10615.54293357753,10690.0325,9112.6225,9982.060625,NaN,8064.5810394298605
1564358400,10298.801779288766,11084.9425,9364.8125,10241.066875,NaN,8262.443388118056
1564963200,10269.934327144383,12326.6025,10269.934327144383,11454.345625,NaN,8552.616318743687
1565568000,10862.13997607219,11552.0775,9476.2725,10721.084374999999,NaN,8749.749778403351
1566172800,10791.612175536095,10954.37,9756.5875,10291.675625,NaN,8889.924855366682
1566777600,10541.643900268047,10671.6025,9309.9575,9973.26625,NaN,8988.410436696984
1567382400,10257.455075134025,10951.85,9753.375,10219.243125,NaN,9100.304317451804
1567987200,10238.349100067013,10537.5575,9865.0025,10277.135625,NaN,9207.288981774367
1568592000,10257.742362533507,10379.8825,9603.04,10080.3125,NaN,9286.654756158516
1569196800,10169.027431266753,10169.027431266753,7723.61,8962.866250000001,NaN,9257.219437416832
1569801600,9565.946840633376,9565.946840633376,7694.05,8036.485624999999,NaN,9146.243636288029
1570406400,8801.216232816689,8847.7775,7767.4025,8189.631875,NaN,9059.27893071639
1571011200,8495.424053908344,8495.424053908344,7815.45,8186.768125,NaN,8979.959766560354
1571616000,8341.096089454171,10520.2475,7291.8075,8899.254375,NaN,8972.62291278214
1572220800,8620.175232227086,9939.62,8620.175232227086,9415.139375,NaN,9012.851682074674
1572825600,9017.657303613543,9596.625,8666.5075,9125.985625000001,NaN,9023.136585976976
1573430400,9071.821464306773,9071.821464306773,8366.9325,8742.998125,NaN,8997.669453160886
1574035200,8907.409794653388,8907.409794653388,6777.6175,7672.5375,NaN,8877.202911964443
1574640000,8289.973647326693,8289.973647326693,6522.48,7175.041249999999,NaN,8722.460942694948
1575244800,7732.507448663346,7792.265,7081.72,7451.2525000000005,NaN,8606.89653881359
1575849600,7591.879974331673,7660.845,7008.8775,7326.3975,NaN,8490.487535285081
1576454400,7459.138737165837,7525.115,6430.145,7145.37125,NaN,8368.204236622802
1577059200,7302.254993582918,7690.6175,7025.6275,7405.4400000000005,NaN,8280.680215111637
1577664000,7353.847496791459,7491.835,6857.05,7271.0925,NaN,8188.8995137378515
1578268800,7312.469998395729,8465.065,7312.469998395729,7834.554375,NaN,8156.686319307138
1578873600,7573.512186697864,9187.0675,7573.512186697864,8524.3575,NaN,8190.110972097398
1579478400,8048.934843348932,8791.005,8048.934843348932,8574.963749999999,NaN,8225.097588270362
1580083200,8311.949296674466,9569.5,8311.949296674466,9011.790625,NaN,8296.615137063965
1580688000,8661.869960837234,10177.09,8661.869960837234,9685.550625,NaN,8422.881999603605
1581292800,9173.710292918617,10514.2025,9173.710292918617,10055.360625000001,NaN,8571.289147366913
1581897600,9614.535458959308,10306.265,9307.4275,9875.93,NaN,8689.892861242648
1582502400,9745.232729479654,10026.365,8406.2525,9232.538125000001,NaN,8739.224248856954
1583107200,9488.885427239828,9488.885427239828,8000.2,8444,NaN,8712.385680779049
1583712000,8966.442713619914,8966.442713619914,3880.5875,6361.936250000001,NaN,8498.708459799136
1584316800,7664.189481809957,7664.189481809957,4407.18,5651.433125,NaN,8239.865247544669
1584921600,6657.811303404978,6983.76,5686.91,6091.21875,NaN,8044.53374776788
1585526400,6374.515026702489,7267.625,5854.3525,6444.3,NaN,7899.057952516255
1586131200,6409.407513351245,7469.58,6409.407513351245,6976.318125,NaN,7815.17251365114
1586736000,6692.8628191756225,7304.32,6469.8825,6952.693125,NaN,7736.765296501037
1587340800,6822.777972087812,7774.8625,6755.955,7340.576875000001,NaN,7700.748167273669
1587945600,7081.677423543906,9481.3425,7081.677423543906,8432.710000000001,NaN,7767.290152066972
1588550400,7757.1937117719535,10078.3,7757.1937117719535,8951.038125,NaN,7874.903604151793
1589155200,8354.115918385976,9946.5675,8189,9134.2425,NaN,7989.3889583198115
1589760000,8744.17920919299,9956.7475,8672.7825,9256.880000000001,NaN,8104.615416654374
1590364800,9000.529604596495,9754.3975,8636.7325,9138.23375,NaN,8198.580719685795
1590969600,9069.381677298246,10413.065,9069.381677298246,9713.54125,NaN,8336.304404259814
1591574400,9391.461463649124,10010.6675,9065.3425,9540.428750000001,NaN,8445.770253872559
1592179200,9465.945106824562,9591.99,8900.6275,9277.2875,NaN,8521.362730793235
1592784000,9371.61630341228,9789.2375,8820.86,9253.37875,NaN,8587.909641630213
1593388800,9312.49752670614,9312.49752670614,8909.995,9101.054375,NaN,8634.559162845648
1593993600,9206.775950853069,9481.8975,9063.265,9231.574375,NaN,8688.833273041499
1594598400,9219.175162926535,9351.015,9021.5525,9222.617499999998,NaN,8737.359111855907
1595203200,9220.896331463267,10184.4275,9131.4275,9618.46625,NaN,8817.459760778098
1595808000,9419.681290731634,12123.25,9419.681290731634,10766.801875000001,NaN,8994.672680252816
1596412800,10093.241582865818,11920.0825,10093.241582865818,11393.813124999999,NaN,9212.776357048015
1597017600,10743.527353932908,12087.03,10743.527353932908,11705.645625,NaN,9439.40083595274
1597622400,11224.586489466454,12479.03,11224.586489466454,11854.009999999998,NaN,9658.910759957036
1598227200,11539.298244733225,11826.32,11113.87,11576.693125000002,NaN,9833.254611324579
1598832000,11557.995684866613,12072.2525,9849.325,10973.4375,NaN,9936.907601204162
1599436800,11265.716592433306,11265.716592433306,9836.43,10252.36125,NaN,9965.585205640147
1600041600,10759.038921216652,11180.7775,10252.8975,10672.7025,NaN,10029.868596036498
1600646400,10715.870710608326,10993.4575,10136.78,10707.281875,NaN,10091.451621396816
1601251200,10711.576292804162,10952.065,10376.45,10695.19125,NaN,10146.337042178924
1601856000,10703.383771402081,11496.96,10526.6975,11017.585,NaN,10225.54140198084
1602460800,10860.48438570104,11730.81,10860.48438570104,11451.804375,NaN,10337.019854073491
1603065600,11156.14438035052,13358.31,11156.14438035052,12332.418124999998,NaN,10518.419696884992
1603670400,11744.28125267526,14095.095,11744.28125267526,13422.81125,NaN,10782.45529262272
1604275200,12583.54625133763,15971.91,12583.54625133763,14611.031875,NaN,11130.507709202473
1604880000,13597.289063168815,16492.71,13597.289063168815,15691.653124999999,NaN,11545.157292456794
1605484800,14644.471094084407,18978.125,14644.471094084407,17318.09875,NaN,12069.970152233449
1606089600,15981.284922042203,19499.825,15981.284922042203,18086.915625,NaN,12616.965195212226
1606694400,17034.1002735211,19930.2625,17034.1002735211,18832.715625,NaN,13182.033416102024
1607299200,17933.407949260552,19432.1425,17575.405,18887.921875,NaN,13700.750548729113
1607904000,18410.664912130276,24298.685,18410.664912130276,21481.324375,NaN,14408.075442026466
1608508800,19945.994643565136,28378.285,19945.994643565136,25002.26125,NaN,15371.183242751333
1609113600,22474.127946782566,34789.25,22474.127946782566,29992.679375,NaN,16700.410163864846
1609718400,26233.403660891283,41993.84,26233.403660891283,35249.045625,NaN,18386.64975124077
1610323200,30741.224642945643,40117.0575,30228.2825,36084.596875,NaN,19995.55403521888
1610928000,33412.91075897282,37881.4775,28876.7525,33717.638125000005,NaN,21243.016225198982
1611532800,33565.27444198642,38619.21,29188.3475,33310.0025,NaN,22340.014977453622
1612137600,33437.63847099321,41002.87,32328.07,36332.011875000004,NaN,23612.014695412385
1612742400,34884.82517299661,49703.665,34884.82517299661,43825.515625,NaN,25449.60568901126
1613347200,39355.17039899831,58385.435,39355.17039899831,52584.0325,NaN,27916.371762737508
1613952000,45969.601449499154,57579.39,43022.665,50832.58500000001,NaN,29999.663875215916
1614556800,48401.09322474958,52664.005,45039.19,48482.00375,NaN,31679.876591105378
1615161600,48441.54848737479,61769.97,48441.54848737479,55268.494374999995,NaN,33824.296389641255
1615766400,51855.02143118739,60584.4475,51855.02143118739,57496.296875,NaN,35976.29643376478
1616371200,54675.6591530937,58433.005,50372.0775,55495.400624999995,NaN,37750.7604511498
1616976000,55085.52988904685,60070.765,54900.1275,57242.240625000006,NaN,39522.71319422709
1617580800,56163.88525702343,61207.0475,55437.9825,58707.965625000004,NaN,41266.827051570086
1618185600,57435.925441011714,64898.555,51120.145,58067.730625,NaN,42794.18192188189
1618790400,57751.828033005855,57751.828033005855,47012.0525,52501.57,NaN,43676.671747165354
1619395200,55126.69901650293,58544.5525,48817.06,53277.760624999995,NaN,44549.498008786686
1620000000,54202.22982075146,59551.37,52946.1525,56854.501874999994,NaN,45668.13472389699
1620604800,55528.36584787573,59594.7475,43779.675,52038.86375,NaN,46247.29190808817
1621209600,53783.614798937866,53783.614798937866,29641.5,39367.85,NaN,45621.888098261974
1621814400,46575.732399468936,46575.732399468936,33397.8725,36175.463749999995,NaN,44763.122248419975
1622419200,41375.598074734466,41375.598074734466,34194.55,36288.271875,NaN,43992.6813053818
1623024000,38831.93497486723,39396.4125,31011.84,36309.365,NaN,43294.19800489254
1623628800,37570.649987433615,41346.485,33346.765,37328.07625,NaN,42751.82329990231
1624233600,37449.36311871681,37449.36311871681,28754.4,33696.9475,NaN,41928.65277263847
1624838400,35573.15530935841,36650.9475,32706.545,34839.29375,NaN,41284.16558876224
1625443200,35206.2245296792,35287.76,32106.4,34232.52375,NaN,40643.10723978386
1626048000,34719.3741398396,34719.3741398396,31028.84,32937.196875,NaN,39942.56993389442
1626652800,33828.2855074198,35446.245,29292.725,32989.082500000004,NaN,39310.434712631286
1627257600,33408.6840037099,42604.7975,33408.6840037099,38291.575,NaN,39217.81110239208
1627862400,35850.12950185495,45363.41,35850.12950185495,41598.835,NaN,39434.267820356436
1628467200,38724.482250927475,48178.0075,38724.482250927475,45463.66125,NaN,39982.39449577858
1629072000,42094.071750463736,49814.37,42094.071750463736,47518.314999999995,NaN,40667.47817798053
1629676800,44806.193375231866,50526.825,44806.193375231866,48729.458750000005,NaN,41400.38550270957
1630281600,46767.82606261593,51898.5725,46536.1875,49755.24125000001,NaN,42159.917843372335
1630886400,48261.53365630797,52935.0525,42582.695,48337.075625,NaN,42721.47764170212
1631491200,48299.30464065398,48817.1475,43409.975,46379.340625000004,NaN,43054.01064018375
1632096000,47339.322632826996,47339.322632826996,39585.5525,44342.0125,NaN,43171.10171834886
1632700800,45840.6675664135,49260.6875,40759.145,45356.79375,NaN,43369.800993953504
1633305600,45598.73065820675,56533.9,45598.73065820675,51593.35124999999,NaN,44117.396471775915
1633910400,48596.04095410337,62910.11,48596.04095410337,58261.967500000006,NaN,45403.26656525083
1634515200,53429.004227051686,66998.105,53429.004227051686,62229.043125,NaN,46932.88261613712
1635120000,57829.02367602584,63715.95,57381.72,60829.515,NaN,48196.212832851925
1635724800,59329.26933801292,64311.5,59329.26933801292,62117.037500000006,NaN,49461.742348047206
1636329600,60723.15341900646,68997.75,60723.15341900646,65063.968125,NaN,50880.12650958837
1636934400,62893.56077200323,66354.41,55174.75,61456.488125,NaN,51841.613929171246
1637539200,62175.024448501616,62175.024448501616,53479.41,57228.471249999995,NaN,52331.32823106477
1638144000,59701.74784925081,59701.74784925081,41631.28,51890.2675,NaN,52291.23180096797
1638748800,55796.007674625405,55796.007674625405,47009.3,49599.62499999999,NaN,52046.54027360725
1639353600,52697.8163373127,52697.8163373127,45549.31,48114.6475,NaN,51689.095476006594
1639958400,50406.231918656355,51816,45593.54,48700.17,NaN,51417.374978187814
1640563200,49553.20095932818,52103.63,45628.36,48968.630000000005,NaN,51194.761798352556
1641168000,49260.915479664094,49260.915479664094,40563.57,44320.2425,NaN,50569.80549850233
1641772800,46790.57898983205,46790.57898983205,39896.66,42333.0925,NaN,49821.013407729384
1642377600,44561.835744916025,44561.835744916025,34115.29,39243.5875,NaN,48859.42923429944
1642982400,41902.71162245801,41902.71162245801,32992.55,36469.175,NaN,47733.042485726764
1643587200,39185.943311229006,42701.89,36266.35,39824.7875,NaN,47014.110214297056
1644192000,39505.3654056145,45866.71,39505.3654056145,43012.1625,NaN,46650.2967857246
1644796800,41258.76395280725,44776.3,37994.3,40807.927500000005,NaN,46119.17230520418
1645401600,41033.345726403626,41033.345726403626,34329.29,37685.27250000001,NaN,45352.454141094706
1646006400,39359.309113201816,45352.71,37460.14,39737.03999999999,NaN,44841.96194644973
1646611200,39548.174556600905,42592.68,37166.86,38990.8325,NaN,44310.04108768157
1647216000,39269.503528300454,42403.4,37572.55,39759.7775,NaN,43896.3807615287
1647820800,39514.640514150225,46953.03,39514.640514150225,43904.41,NaN,43897.11069229882
1648425600,41709.52525707512,48222.96,41709.52525707512,46434.284999999996,NaN,44127.76290208983
1649030400,44071.90512853756,47193.33,41869.98,44409.9775,NaN,44153.41877462712
1649635200,44240.941314268784,44240.941314268784,39219.44,40871.705,NaN,43855.08115875193
1650240000,42556.32315713439,43003.88,38556.58,40175.185,NaN,43520.545144319934
1650844800,41365.754078567195,41365.754078567195,37403.24,39034.4825,NaN,43112.721267563575
1651449600,40200.11828928359,40200.11828928359,33707.22,36560.6775,NaN,42517.080925057795
1652054400,38380.39789464179,38380.39789464179,25365.62,31230.167499999996,NaN,41490.997886416175
1652659200,34805.282697320894,34805.282697320894,28602.82,30360.6725,NaN,40479.150124014704
1653264000,32582.977598660447,32582.977598660447,27877.5,29554.4625,NaN,39485.99670364973
1653868800,31068.720049330223,32384.54,29239.09,30243.510000000002,NaN,38645.77063968158
1654473600,30656.115024665112,31737.04,26517.39,28680.4925,NaN,37739.836263346886
1655078400,29668.303762332558,29668.303762332558,17585.31,22883.6525,NaN,36389.274103042626
1655683200,26275.97813116628,26275.97813116628,19616.49,20766.11,NaN,34968.986457311476
1656288000,23521.04406558314,23521.04406558314,18608.03,20111.2525,NaN,33618.283370283156
1656892800,21816.148282791568,22468.69,19032.26,20409.5725,NaN,32417.491472984686
1657497600,21112.860391395785,21665.08,18901.64,20551.485,NaN,31338.76361180426
1658102400,20832.172695697893,24277.96,20761.84,22104.01,NaN,30499.24055618569
1658707200,21468.091347848946,24675.03,20709.26,22821.617499999997,NaN,29801.27482380517
1659312000,22144.854423924473,23645.97,22144.854423924473,23133.64,NaN,29195.126203459247
1659916800,22639.247211962236,25045.61,22639.247211962236,23803.8525,NaN,28705.01041223568
1660521600,23221.549855981117,25207.71,20765.5,22946.1475,NaN,28181.477420214254
1661126400,23083.848677990558,23083.848677990558,19522.36,20623.6375,NaN,27494.40106383114
1661731200,21853.74308899528,21853.74308899528,19548.34,19920.085,NaN,26805.82687621013
1662336000,20886.91404449764,21861.88,18535.47,20560.772500000003,NaN,26238.094660191025
1662940800,20723.84327224882,22792.25,19322.35,20842.489999999998,NaN,25747.585145628203
1663545600,20783.16663612441,20783.16663612441,18152.13,19073.075,NaN,25140.81149602564
1664150400,19928.120818062205,20381.29,18478.88,19181.2275,NaN,24599.03113275058
1664755200,19554.674159031103,20470.34,18972.41,19487.4925,NaN,24134.345802500527
1665360000,19521.083329515553,19946.71,18160.71,19203.2325,NaN,23686.06277500048
1665964800,19362.157914757776,19699.91,18660.53,19298.835,NaN,23287.22388636407
1666569600,19330.49645737889,21077.68,19163.48,20110.829999999998,NaN,22998.46080578552
1667174400,19720.663228689446,21473.69,19720.663228689446,20764.38,NaN,22795.362550714108
1667779200,20242.521614344725,21069.48,15563.5,18462.1825,NaN,22401.43709155828
1668384000,19352.352057172364,19352.352057172364,15791.2,16374.385,NaN,21853.523265052983
1668988800,17863.368528586183,17863.368528586183,15473.78,16235.8475,NaN,21342.825468229985
1669593600,17049.60801429309,17296.93,16000.41,16707.9675,NaN,20921.47474384544
1670198400,16878.787757146543,17430.54,16701.15,17082.6525,NaN,20572.490903495855
1670803200,16980.720128573274,18376.59,16546.38,17189.48,NaN,20264.944457723504
1671408000,17085.100064286635,17085.100064286635,16270.67,16721.954999999998,NaN,19942.854507021366
1672012800,16903.527532143315,16964.08,16332.92,16685.0025,NaN,19646.686142746697
1672617600,16794.26501607166,17164.44,16549.51,16863.1,NaN,19393.632857042452
1673222400,16828.68250803583,21367.25,16828.68250803583,19121.205,NaN,19368.866688220412
1673827200,17974.943754017913,23380.23,17974.943754017913,21839.892499999998,NaN,19593.505398382193
1674432000,19907.418127008954,23955.86,19907.418127008954,23187.67,NaN,19920.2476348929
1675036800,21547.544063504476,24264.14,21547.544063504476,23363.8825,NaN,20233.30534990264
1675641600,22455.713281752236,23445.5,21463.12,22408.735,NaN,20431.07168172967
1676246400,22432.22414087612,25262.85,21370.29,23177.304999999997,NaN,20680.729256117884
1676851200,22804.764570438056,25259.72,22747.36,23962.3625,NaN,20979.059551016257
1677456000,23383.56353521903,23987.86,21997.01,22993.28,NaN,21162.17050092387
1678060800,23188.421767609514,23188.421767609514,19559.36,21707.4,NaN,21211.7368190217
1678665600,22447.910883804758,28473.58,21944.36,25179.585,NaN,21572.450290019726
1679270400,23813.74794190238,28919.3,23813.74794190238,27914.86,NaN,22149.032990927022
1679875200,25864.30397095119,29182.1,25864.30397095119,27973.72,NaN,22678.54999175184
1680480000,26919.011985475598,28786.04,26919.011985475598,28135.4525,NaN,23174.632037956217
1681084800,27527.2322427378,31046.25,27527.2322427378,29472.74,NaN,23747.187307232925
1681689600,28499.9861213689,30490.7,27144.01,28888.822500000002,NaN,24214.608688393568
1682294400,28694.40431068445,30039.06,26972.79,28464.195,NaN,24600.934716721426
1682899200,28579.299655342227,29870.31,27665.95,28845.1675,NaN,24986.77406065584
1683504000,28712.23357767111,28813.39,25823.6,27541.0425,NaN,25218.9802824144
1684108800,28126.638038835554,28126.638038835554,26373.38,26932.9175,NaN,25374.792756740364
1684713600,27529.77776941778,28264.89,25873.34,27243.405,NaN,25544.666597036696
1685318400,27386.59138470889,28462.73,26509.53,27544.565,NaN,25726.475542760632
1685923200,27465.578192354442,27465.578192354442,25350.48,26451.059999999998,NaN,25792.34685705512
1686528000,26958.31909617722,26958.31909617722,24770.53,25964.335,NaN,25807.982142777382
1687132800,26461.32704808861,31441.74,26266.18,28630.524999999998,NaN,26064.57694797944
1687737600,27545.926024044304,31280.48,27545.926024044304,30457.9575,NaN,26463.97517998131
1688342400,29001.94176202215,31552.28,29001.94176202215,30518.86,NaN,26832.60107271028
1688947200,29760.400881011075,31829,29760.400881011075,30548.7275,NaN,27170.430747918435
1689552000,30154.564190505538,30419.8,29522.25,30070.9425,NaN,27434.113634471305
1690156800,30112.75334525277,30112.75334525277,28874,29589.147500000003,NaN,27630.025804064822
1690761600,29850.95042262639,30033.5,28612,29246.7575,NaN,27777.0014127862
1691366400,29548.853961313194,30226.5,28669.11,29309.655,NaN,27916.333557078364
1691971200,29429.254480656597,29667.77,25253.44,27601.585000000003,NaN,27887.72005188942
1692576000,28515.4197403283,28515.4197403283,25361.73,26116.1275,NaN,27726.666183535835
1693180800,27315.77362016415,28167.47,25328.92,26391.2725,NaN,27605.26675775985
1693785600,26853.523060082072,26853.523060082072,25393.3,25914.2775,NaN,27451.540461599863
1694390400,26383.900280041038,26892.09,24915.5,26045.805,NaN,27323.74632872715
1694995200,26214.85264002052,27497.13,26153.72,26612.4875,NaN,27259.0864352065
1695600000,26413.67007001026,28077.13,26000.2,27081.215,NaN,27242.916304733182
1696204800,26747.44253500513,28597.22,26747.44253500513,27925.5725,NaN,27304.975958848347
1696809600,27336.507517502563,27996.38,26541.83,27411.02,NaN,27314.61632622577
1697414400,27373.76375875128,30359.58,27126.96,28665.5525,NaN,27437.42870565979
1698019200,28019.65812937564,35194.81,28019.65812937564,32411.285,NaN,27889.597459690718
1698624000,30215.471564687818,35971.45,30215.471564687818,34907.88,NaN,28527.62314517338
1699228800,32561.675782343907,37980.5,32561.675782343907,36157.7175,NaN,29221.268086521253
1699833600,34359.696641171955,37965.5,34359.696641171955,36806.1325,NaN,29910.80121501932
1700438400,35582.91457058598,38433.48,35582.91457058598,37233.535,NaN,30576.5042863812
1701043200,36408.22478529299,40179.6,36408.22478529299,38583.8975,NaN,31304.44912398291
1701648000,37496.06114264649,44720.5,37496.06114264649,42085.7625,NaN,32284.568521802645
1702252800,39790.91182132324,43815.8,39790.91182132324,42276.6725,NaN,33192.94161072968
1702857600,41033.79216066162,44426.69,40511.23,42331.787500000006,NaN,34023.74578248153
1703462400,41682.78983033082,43821.05,41302.65,42606.43,NaN,34803.989802255936
1704067200,42144.609915165405,45920.31,40490.92,43158.3,NaN,35563.47254750539
1704672000,42651.454957582704,48975.07,41482.49,44028.63249999999,NaN,36333.03254318672
1705276800,43340.04372879135,43572.88,40276.87,41786.5625,NaN,36828.807993806106
1705881600,42563.303114395676,42819.52,38524,41239.83,NaN,37229.809994369185
1706486400,41901.56655719784,43862.55,41807.54,42570.305,NaN,37715.30954033562
1707091200,42235.93577859892,48576.25,42235.93577859892,45427.6525,NaN,38416.43162757783
1707696000,43831.794139299454,52829.25,43831.794139299454,50242.17250000001,NaN,39491.49897961621
1708300800,47036.983319649735,52971.7,47036.983319649735,51815.270000000004,NaN,40611.841799651105
1708905600,49426.12665982487,64005.2,49426.12665982487,57448.4675,NaN,42142.44413604646
1709510400,53437.29707991243,70055.5,53437.29707991243,65347.119999999995,NaN,44251.960123678604
1710115200,59392.20853995621,73757.39,59392.20853995621,68921.545,NaN,46494.64965788964
1710720000,64156.8767699781,68918.5,60794.84,66326.505,NaN,48297.545598081495
1711324800,65241.69088498905,71725.44,65241.69088498905,69169.345,NaN,50194.98190734682
1711929600,67205.51794249452,71322.4,64457.83,69114.035,NaN,51914.895824860745
1712534400,68159.77647124726,72756.63,61054.5,67229.9325,NaN,53307.17188623704
1713139200,67694.85448562363,67694.85448562363,59635.83,64313.05750000001,NaN,54307.70694203367
1713744000,66003.95599281183,67467.93,62398.9,64492.0675,NaN,55233.55790184879
1714348800,65248.011746405915,65248.011746405915,56522.25,62119.2475,NaN,55859.5296834989
1714953600,63683.629623202956,65541.11,60182.55,62824.57750000001,NaN,56492.715848635366
1715558400,63254.103561601485,67785.23,60783.93,64089.1425,NaN,57183.30008966851
1716163200,63671.62303080074,71939.1,63671.62303080074,68206.505,NaN,58185.40962697138
1716768000,65939.06401540038,70623.35,65939.06401540038,68376.695,NaN,59111.89011542853
1717372800,67157.87950770019,71943.26,67157.87950770019,69236.44249999999,NaN,60032.30396857139
1717977600,68197.16100385008,70161.76,65026,67868.7,NaN,60744.70360779217
1718582400,68032.93050192503,68032.93050192503,63181.94,65073.97750000001,NaN,61138.273961629246
1719187200,66553.45400096252,66553.45400096252,58468.32,61933.69,NaN,61210.584510572044
1719792000,64243.57200048126,64243.57200048126,53458.05,58974.837499999994,NaN,61007.33478233822
1720396800,61609.20475024063,61609.20475024063,54344.06,58131.865000000005,NaN,60745.92843848929
1721001600,59870.53487512031,68384,59870.53487512031,64534.2775,NaN,61090.323807717534
1721606400,62202.406187560155,69437.36,62202.406187560155,67342.505,NaN,61658.703916106846
1722211200,64772.455593780076,70040.75,57188.58,63416.537500000006,NaN,61818.50696918804
1722816000,64094.49654689004,64094.49654689004,49217,57211.177500000005,NaN,61399.658835625494
1723420800,60652.83702344503,61826.9,56148.93,58796.8675,NaN,61163.04144147772
1724025600,59724.85226172251,65105.95,57865.2,61432.71000000001,NaN,61187.556764979745
1724630400,60578.78113086126,64511.47,57237,60846.325,NaN,61156.535695436134
1725235200,60712.55306543063,60712.55306543063,52600.25,56171.085,NaN,60703.31290494194
1725840000,58441.81903271531,60681.85,54620.72,57345.42,NaN,60398.04991358358
1726444800,57893.619516357656,64137.17,57526.43,61108.63,NaN,60462.6481032578
1727049600,59501.12475817883,66524.45,59501.12475817883,64599.23,NaN,60838.701002961636
1727654400,62050.177379089415,65657.01,59884.72,63504.325,NaN,61081.03045723785
1728259200,62777.25118954471,64461.08,58890.48,62266.735,NaN,61188.82177930714
1728864000,62521.993094772355,69365,62485.67,65937.73999999999,NaN,61620.54161755194
1729468800,64229.86654738618,69504.7,64229.86654738618,67910.6925,NaN,62192.373515956315
1730073600,66070.27952369308,73581.22,66070.27952369308,69445.6225,NaN,62851.759787233015
1730678400,67757.95101184654,81499.25,66824.44,74372.8775,NaN,63899.134124757285
1731283200,71065.41425592327,93432.75,71065.41425592327,85994.145,NaN,65907.77147705208
1731888000,78529.77962796163,98973.38,78529.77962796163,94152.99000000002,NaN,68475.51861550189
1732448000,98973.38,98973.38,98973.38,94152.99000000002,NaN,68475.51861550189